Estado,Partida,Base,2024 %,2025 %
Estado de resultados,Ventas netas,Ventas netas,100.00%,100.00%
Estado de resultados,Costo de ventas,Ventas netas,60.00%,61.86%
Estado de resultados,Utilidad bruta,Ventas netas,40.00%,38.14%
Estado de resultados,Utilidad neta,Ventas netas,12.14%,11.64%
Estado de situacion financiera,Activo corriente,Total activo,47.50%,50.22%
Estado de situacion financiera,Activo no corriente,Total activo,52.50%,49.78%
Estado de situacion financiera,Pasivo corriente,Total activo,14.00%,15.56%
Estado de situacion financiera,Pasivo no corriente,Total activo,21.00%,20.89%
Estado de situacion financiera,Patrimonio,Total activo,65.00%,63.56%
